<component name="listItemComponent" extends="Group">
    <interface>
        <field id="itemContent" type="node" onChange="setContent" />
        <field id="focusPercent" type="float" onChange="handleItemHasFocus"/>
        <field id="itemHasFocus" type="boolean" onChange="handleItemHasFocus"/>
        
    </interface>
    <script type="text/brightscript">
        <![CDATA[ 
            sub init()
                m.movieName = m.top.findNode("movieName")
                m.movieDesc = m.top.findNode("movieDesc")
                m.avengers_poster = m.top.findNode("avengers_poster")
                m.unfocusedButton = m.top.findNode("unfocusedButton")
                m.focusedButton = m.top.findNode("focusedButton")
                
            end sub

            sub setContent()
                
                m.itemContentValues = m.top.itemContent
                m.movieName.text = m.itemContentValues.movieName
                m.movieDesc.text = m.itemContentValues.movieDesc
                m.avengers_poster.uri = m.itemContentValues.avengers_poster
                m.focusedButton.uri = m.itemContentValues.unfocusedButton

            end sub
            function handleItemHasFocus() as void
                if m.top.itemContent = invalid
                    return 
                end if

                if m.top.itemHasFocus
                    if m.top.focusPercent > 0.5
                            m.focusedButton.uri = m.itemContentValues.focusedButton
                    else
                            m.focusedButton.uri = m.itemContentValues.unfocusedButton
                    end if
                else
                    m.focusedButton.uri = m.itemContentValues.unfocusedButton
                end if
                

            end function
            

            
        ]]>
    </script>
    <children>
        <!-- <Poster id="myPoster1" translation="[0,0]" width="53" height="30" />
        <Label id="myLabel" translation="[100,0]" />
        <Poster id="myPoster2" width="53" height="30" translation="[200,0]" opacity="0.0" /> -->
        <Poster id="avengers_poster" width="300" height="200" translation="[0,0]"/>
        <!-- <Poster id="unfocusedButton" width="100" height="100" translation="[100,50]" /> -->
        <Poster id="focusedButton" loadDisplayMode = " scaleToFit" width="100" height="100" translation="[100,50]" />
        <Label id="movieName"   translation="[0,200]" />
        <Label id="movieDesc"  translation="[0,250]" />
    </children>
    <!-- <script type="text/brightscript" uri="listItemComponent.brs" /> -->
    

</component>